date,platform,sentiment,keyword,share_of_voice,influencer,engagement
2024-01-22,Facebook,Neutral,#bad,64,Sean Hartman,570
2024-05-07,Facebook,Neutral,product,18,Lauren Johnson,444
2024-04-07,Facebook,Neutral,service,66,Margaret Cooke,926
2024-03-12,Facebook,Negative,#terrible,13,Kevin Jackson,278
2024-04-17,Facebook,Positive,product,59,Alexis Norman,484
2024-03-30,Twitter,Neutral,product,88,Cameron Jones,460
2024-04-15,Facebook,Positive,experience,25,Calvin Lambert,75
2024-01-09,Facebook,Negative,#terrible,44,Andrew Woods,162
2024-03-04,Facebook,Negative,#terrible,33,Mr. Stephen Clark,543
2024-04-30,Twitter,Positive,#terrible,48,Kevin Davis,117
2024-04-03,Facebook,Neutral,#bad,99,Jason Ball,325
2024-02-26,LinkedIn,Neutral,experience,70,Christine Cole,540
2024-03-09,Facebook,Negative,product,70,Julie Walker,102
2024-03-28,Instagram,Negative,service,89,David Rubio DVM,595
2024-01-21,Instagram,Neutral,service,98,Michelle Jones,470
2024-04-26,LinkedIn,Positive,#terrible,62,Maureen Adkins,339
2024-04-02,Instagram,Positive,product,20,Stephanie Torres,740
2024-05-14,LinkedIn,Neutral,#terrible,74,Eric Carter,609
2024-03-10,Twitter,Positive,#bad,15,Diana Flores,488
2024-05-02,Facebook,Negative,#bad,60,Katherine Duncan,829
2024-03-09,LinkedIn,Neutral,#good,67,Eric Henderson,15
2024-03-01,Facebook,Positive,#okay,7,Steven Cherry,383
2024-01-05,Twitter,Neutral,#great,7,Robin Ward,772
2024-05-04,LinkedIn,Positive,#okay,80,Mrs. Kathryn Mason,999
2024-02-12,Facebook,Positive,experience,90,Jennifer Carlson,793
2024-02-23,Facebook,Positive,service,22,Dawn Trujillo,797
2024-04-04,Twitter,Negative,#okay,29,Miguel Lewis,457
2024-04-06,Instagram,Positive,#good,15,Jennifer Maynard,323
2024-01-07,Instagram,Neutral,experience,39,Dennis Walters,282
2024-03-26,Twitter,Negative,service,32,Taylor Valencia,330
2024-04-13,Twitter,Negative,#good,85,Sean Thomas,351
2024-05-08,LinkedIn,Neutral,#bad,48,Ricky Cruz,123
2024-04-15,Twitter,Neutral,product,32,Bradley Rivas,257
2024-01-18,Instagram,Neutral,#awesome,17,Heather Hernandez,725
2024-03-14,Facebook,Positive,feedback,89,Kevin Castro,636
2024-01-25,LinkedIn,Neutral,experience,27,Rebekah Owens,743
2024-04-29,Facebook,Positive,#great,8,Angelica Bush,340
2024-02-01,Instagram,Negative,#terrible,90,Francis Collins,995
2024-01-08,LinkedIn,Negative,#great,11,William Jimenez,10
2024-02-03,Instagram,Negative,#great,53,Aaron Thomas,657
2024-03-21,Facebook,Negative,#okay,41,Jaclyn Stevens,512
2024-04-10,Instagram,Positive,#good,19,Carol Gaines,44
2024-01-21,Instagram,Neutral,#good,24,Richard Andrews,314
2024-02-21,Twitter,Neutral,service,86,Kevin Jimenez,52
2024-03-16,Instagram,Negative,#good,20,Nancy Sanders,749
2024-02-04,Facebook,Positive,experience,76,James Flores,164
2024-03-22,Facebook,Neutral,product,60,Amy Anderson,769
2024-01-16,Twitter,Neutral,#good,7,John Hernandez,87
2024-02-28,Twitter,Neutral,#good,55,Melinda Hodges,956
2024-01-05,Facebook,Neutral,#awesome,35,Melinda Hester,308
2024-03-27,Instagram,Negative,#good,100,Luis Harrison,355
2024-02-15,Facebook,Negative,#bad,60,Ashley Barron,218
2024-04-06,LinkedIn,Negative,experience,74,Matthew Moore,829
2024-04-19,LinkedIn,Negative,product,63,Susan Valenzuela,930
2024-01-03,Twitter,Negative,feedback,77,Tommy Jackson,605
2024-03-25,LinkedIn,Neutral,#terrible,23,Christopher Harris,198
2024-04-26,Facebook,Negative,#great,87,Melissa Hanson,293
2024-04-27,Twitter,Neutral,#good,60,Timothy Hernandez,407
2024-04-14,Instagram,Neutral,experience,77,Sarah Hull,702
2024-04-13,LinkedIn,Neutral,#awesome,72,Linda Smith,153
2024-02-09,Twitter,Neutral,#bad,69,William Smith,656
2024-01-07,Instagram,Negative,product,88,Jessica Mcdowell,659
2024-04-18,Twitter,Neutral,product,77,Kristina Robinson,580
2024-01-25,Instagram,Negative,#okay,71,Timothy Leach,415
2024-01-29,Facebook,Neutral,feedback,96,Amanda Mitchell,111
2024-03-19,Facebook,Negative,experience,34,Cory Washington,775
2024-03-27,Facebook,Neutral,#okay,55,Mathew Walker,800
2024-01-04,Twitter,Neutral,#bad,98,Michael Delgado,213
2024-01-19,Twitter,Positive,#terrible,22,Anita Nelson,428
2024-04-12,Instagram,Neutral,product,22,Courtney Garcia,955
2024-03-11,Instagram,Positive,product,9,Katie Williams,664
2024-03-31,Instagram,Negative,feedback,42,Nathan Ryan,307
2024-03-01,Facebook,Negative,feedback,73,Tracy Hanna,375
2024-05-22,Twitter,Negative,feedback,66,Ellen Harris,882
2024-02-13,Facebook,Neutral,service,31,Brian Bryant,652
2024-03-08,Twitter,Negative,#awesome,97,Michael Marquez DVM,124
2024-04-10,Twitter,Neutral,feedback,13,Jacqueline Monroe,124
2024-05-21,LinkedIn,Neutral,#bad,73,David Riley,595
2024-02-15,Twitter,Neutral,#good,3,Tracy Hurst,177
2024-01-29,LinkedIn,Positive,feedback,42,Rachel Ashley,222
2024-01-09,Twitter,Negative,experience,11,Robert Flores,535
2024-05-21,Facebook,Neutral,#good,35,Monique King,317
2024-02-05,Twitter,Neutral,#terrible,76,Debbie Benitez,57
2024-01-19,LinkedIn,Negative,#good,86,Alice Mitchell,416
2024-05-02,Instagram,Positive,#terrible,97,Zachary Carpenter,87
2024-03-12,Instagram,Negative,product,46,William Walsh,301
2024-01-18,Twitter,Positive,#great,19,Jonathon Randall,122
2024-03-31,Twitter,Neutral,#terrible,21,Nicholas Kelly,86
2024-04-07,Instagram,Positive,service,97,Daniel Herring,757
2024-03-08,Instagram,Negative,experience,11,Elizabeth Stewart,286
2024-02-14,Instagram,Negative,feedback,17,Kelly Strickland,108
2024-05-21,LinkedIn,Positive,feedback,94,Gavin Webster,301
2024-03-31,Twitter,Negative,#okay,19,Melinda Perez,172
2024-01-11,Instagram,Negative,experience,10,Jeremy Byrd,232
2024-05-09,LinkedIn,Negative,product,7,Michael Davis,364
2024-03-30,Instagram,Positive,product,10,Brittney Perry,870
2024-01-25,LinkedIn,Positive,#okay,46,Jennifer Burgess,440
2024-03-14,Twitter,Positive,#bad,40,Gerald Morrison,207
2024-02-03,LinkedIn,Negative,experience,5,Michael Davis,997
2024-03-04,Instagram,Neutral,product,38,Jennifer Cameron,274
2024-04-17,Facebook,Positive,#good,12,Maria Pena,403
2024-03-21,LinkedIn,Negative,feedback,86,Tristan Clark,604
2024-03-03,Facebook,Negative,product,2,Brenda Allen,117
2024-03-20,Facebook,Negative,service,26,Ashley Vasquez,740
2024-01-23,Instagram,Neutral,#terrible,74,Terry Torres,211
2024-04-30,Instagram,Negative,#bad,12,Angel Thompson,895
2024-04-09,Twitter,Negative,#awesome,33,William Fisher,757
2024-01-08,Twitter,Neutral,#good,11,Regina Johnson,341
2024-03-15,Twitter,Negative,#bad,24,Kyle Warren,860
2024-04-27,Facebook,Negative,#good,36,Daniel Townsend,478
2024-01-08,LinkedIn,Positive,service,1,Lisa Wilson,862
2024-04-04,Twitter,Neutral,feedback,33,Juan Ramirez,159
2024-05-14,Twitter,Negative,service,47,Mark Bell,496
2024-04-13,Instagram,Positive,#okay,27,Janice Conrad,117
2024-01-19,LinkedIn,Neutral,#okay,28,Annette Jensen,482
2024-03-08,Twitter,Positive,#bad,88,Erica Taylor,53
2024-03-21,LinkedIn,Neutral,#good,49,David Schmitt,762
2024-03-18,Facebook,Positive,#awesome,43,Lindsay Taylor,449
2024-03-17,Instagram,Positive,#bad,19,Alyssa Kelly,185
2024-03-23,Instagram,Neutral,#bad,64,Ernest Kramer,42
2024-02-16,LinkedIn,Neutral,#great,75,Nicholas Benton,958
2024-01-05,Twitter,Positive,#bad,81,Douglas Ochoa,452
2024-02-15,Facebook,Positive,feedback,44,Marcus Clay,209
2024-02-07,LinkedIn,Neutral,#bad,91,Michael King,123
2024-04-04,Facebook,Positive,#terrible,58,Amanda Dickson,744
2024-04-11,Instagram,Negative,experience,99,Felicia York,984
2024-01-23,Twitter,Positive,#okay,27,Christine Jackson,659
2024-01-03,Instagram,Neutral,#terrible,98,Anthony Armstrong,307
2024-02-08,Instagram,Negative,#good,61,Timothy Grant,356
2024-02-15,LinkedIn,Positive,feedback,69,Kendra Solomon,477
2024-01-25,Instagram,Negative,product,77,Tammy Lopez,954
2024-04-18,Twitter,Neutral,service,9,Stephen Pacheco,188
2024-04-19,Facebook,Negative,#awesome,55,Michael Lewis,579
2024-02-04,Facebook,Negative,service,50,Amanda Hicks,323
2024-04-12,Instagram,Positive,feedback,43,Anthony Maldonado,265
2024-03-03,LinkedIn,Negative,#awesome,84,Traci Garner,490
2024-04-16,Twitter,Positive,experience,79,Valerie Byrd,548
2024-02-13,Facebook,Positive,#great,41,Randy Olson,688
2024-03-28,Facebook,Neutral,#bad,61,Dr. Philip Blanchard,652
2024-03-25,Twitter,Negative,experience,71,Matthew Phillips,131
2024-03-19,LinkedIn,Neutral,service,80,Mr. Casey Ward,523
2024-04-25,Twitter,Negative,#great,41,Carl Bryan,608
2024-05-14,Instagram,Negative,feedback,82,Denise Choi,746
2024-04-09,LinkedIn,Neutral,#awesome,62,Brian Martinez,229
2024-01-07,LinkedIn,Negative,#good,4,Ricardo Mitchell,986
2024-03-09,Instagram,Positive,product,28,Andrea Rodriguez,676
2024-02-23,Twitter,Positive,#awesome,29,Abigail Dunn,908
2024-01-30,Instagram,Negative,#okay,9,Stacey Banks,598
2024-03-30,Twitter,Positive,product,29,John Gray,288
2024-02-16,Twitter,Positive,#awesome,88,Amanda Morrow,783
2024-01-03,Facebook,Positive,service,40,Johnny Peters,866
2024-05-03,LinkedIn,Negative,#terrible,78,Erin Dunn,768
2024-03-20,Instagram,Negative,#okay,4,Thomas Hunter,274
2024-03-25,Instagram,Positive,experience,26,Bradley Vang,477
2024-01-08,Instagram,Neutral,#okay,10,Phillip Manning,251
2024-01-21,LinkedIn,Positive,feedback,3,Mark Jackson,370
2024-02-10,LinkedIn,Positive,service,46,Stacy Cordova,508
2024-03-30,LinkedIn,Neutral,product,88,Sierra Turner,147
2024-05-05,LinkedIn,Neutral,product,2,Brandi Marquez,807
2024-05-18,Twitter,Neutral,#awesome,16,Elizabeth Chavez,705
2024-05-17,Facebook,Neutral,#great,10,Nicole Burns,565
2024-03-08,LinkedIn,Positive,#great,48,Lacey Bradley,14
2024-02-09,Instagram,Positive,#okay,79,Carol Gay,619
2024-02-12,Facebook,Neutral,#terrible,27,Shelly Pena,791
2024-02-11,Facebook,Negative,#bad,30,Kayla Torres,833
2024-05-22,LinkedIn,Positive,#good,32,Ronald Peterson,618
2024-05-01,LinkedIn,Positive,#good,19,Kristin Brown,802
2024-03-22,Facebook,Neutral,#good,60,Shane Baxter,577
2024-05-19,Twitter,Positive,feedback,64,Tara Lin,202
2024-04-17,LinkedIn,Positive,#okay,35,Nicole Molina,533
2024-05-10,Instagram,Neutral,feedback,56,Christina Rhodes,955
2024-05-19,LinkedIn,Neutral,#terrible,90,Willie Hill,307
2024-02-17,Facebook,Negative,#bad,66,Dawn Baker,514
2024-03-01,Twitter,Neutral,#awesome,35,Katherine Martin,76
2024-04-02,Twitter,Negative,#good,45,Raymond Stone,32
2024-04-23,Instagram,Neutral,service,26,Lisa Arnold,547
2024-01-09,Instagram,Positive,service,35,Donald Hall,48
2024-05-11,Instagram,Neutral,#awesome,98,Benjamin Gutierrez,716
2024-04-23,Facebook,Positive,experience,38,Barbara Gonzales,747
2024-01-26,Instagram,Positive,feedback,20,Heather Brown,903
2024-02-28,Instagram,Neutral,#bad,24,Benjamin Lambert,862
2024-03-08,Twitter,Negative,experience,19,Mark Bennett,70
2024-04-03,LinkedIn,Positive,product,13,Kenneth Melendez,182
2024-02-20,Facebook,Positive,experience,89,Christopher Taylor,101
2024-03-07,Instagram,Positive,product,61,Amy Sullivan,175
2024-04-25,Facebook,Negative,product,91,Brent Garcia,285
2024-02-04,Twitter,Neutral,#good,67,Amanda Graham,995
2024-01-22,LinkedIn,Negative,#bad,82,Traci Walls,418
2024-04-03,Facebook,Positive,#terrible,7,Michelle Gregory,997
2024-05-19,LinkedIn,Positive,#great,39,Don Perry,560
2024-02-19,LinkedIn,Neutral,#bad,13,Ashley Sullivan PhD,71
2024-02-25,LinkedIn,Positive,service,21,Amber Choi,123
2024-02-02,Facebook,Neutral,service,57,Jasmine Nelson,577
2024-02-08,Instagram,Positive,service,98,Christian Lee,891
2024-04-08,Facebook,Positive,experience,58,Bradley Mclaughlin,809
2024-05-12,Twitter,Positive,#awesome,94,Bradley Scott,903
2024-01-17,Instagram,Negative,#bad,52,Katie Ray,51
2024-03-27,Instagram,Negative,#awesome,32,Desiree Nelson,758
2024-03-27,LinkedIn,Neutral,#okay,56,Christopher Coleman,778
2024-04-29,Instagram,Negative,feedback,67,Tammy Baker,469
2024-02-22,Instagram,Neutral,#awesome,99,Craig Thomas,818
2024-02-09,LinkedIn,Positive,#okay,63,John Rodriguez,554
2024-02-18,Instagram,Negative,#okay,30,Dominique Martinez,476
2024-04-22,Instagram,Positive,#bad,23,Timothy Saunders,63
2024-04-19,Facebook,Positive,#okay,69,Heather Berry,600
2024-03-13,LinkedIn,Negative,#okay,2,Susan Malone,802
2024-01-08,Instagram,Positive,#good,70,Kelsey Johnson,947
2024-04-04,Twitter,Positive,service,29,David Thomas,366
2024-04-18,LinkedIn,Positive,service,58,Alicia Ellis,107
2024-01-11,Facebook,Neutral,feedback,13,Heather Collier,513
2024-03-31,Facebook,Neutral,experience,25,Christine Jensen,13
2024-05-24,Twitter,Neutral,#okay,5,Annette Hernandez,576
2024-03-11,LinkedIn,Neutral,#terrible,31,Dana Prince,295
2024-03-06,Facebook,Negative,#bad,92,Amber Wheeler,957
2024-02-06,Twitter,Negative,service,25,Andre Ball,825
2024-05-04,LinkedIn,Neutral,experience,9,Kenneth Randall,135
2024-01-05,Instagram,Negative,#terrible,35,Stephanie Morris,747
2024-04-24,Twitter,Negative,#bad,76,Russell Kennedy,78
2024-04-15,Twitter,Positive,#terrible,41,Joshua Donaldson,476
2024-03-06,Instagram,Neutral,#bad,77,Brian Chambers,508
2024-01-12,Instagram,Positive,#okay,99,Jordan Dudley DVM,313
2024-05-02,LinkedIn,Negative,#awesome,11,Brian Edwards,828
2024-04-02,Instagram,Negative,feedback,9,Jesse Schultz,888
2024-02-25,Facebook,Positive,#bad,94,Derek Stewart,434
2024-01-25,Twitter,Negative,product,46,Kevin Davis,531
2024-02-03,Facebook,Positive,#bad,2,Joshua Owens,147
2024-03-09,LinkedIn,Negative,#good,1,Kristen Morrison,102
2024-01-28,LinkedIn,Neutral,#great,20,Kevin Nichols,653
2024-04-10,Twitter,Negative,feedback,2,Sara Townsend,416
2024-05-06,Instagram,Positive,experience,94,Laura Sanders,650
2024-02-13,LinkedIn,Negative,experience,37,Jonathan Lindsey,746
2024-02-10,Facebook,Positive,experience,58,Ana Baker,181
2024-03-24,LinkedIn,Neutral,#bad,53,Timothy Macias,884
2024-02-11,Twitter,Positive,#terrible,33,Jason Gallegos,969
2024-05-12,Facebook,Positive,service,11,Melinda Johnson,258
2024-02-17,Facebook,Positive,#bad,78,Sherry Johnson,540
2024-03-27,Facebook,Neutral,product,95,Karen Johnson,524
2024-01-26,Facebook,Neutral,feedback,50,Christopher Pollard,110
2024-02-09,Facebook,Negative,#good,89,Kayla Collins,551
2024-03-22,Instagram,Neutral,#okay,23,Lisa Garcia,423
2024-02-07,LinkedIn,Positive,#okay,93,Robert Smith,638
2024-04-26,Twitter,Neutral,feedback,4,Dr. James Nelson,165
2024-03-19,Instagram,Positive,product,63,Mallory Stephenson,227
2024-04-21,Instagram,Positive,experience,71,Chelsea Cochran,120
2024-01-02,Twitter,Neutral,feedback,18,Susan Wall,840
2024-02-29,Instagram,Negative,#good,50,Jennifer Hoffman,768
2024-03-26,Twitter,Positive,product,85,Eric Hayden,996
2024-04-05,Instagram,Negative,#good,26,Patricia Brown,757
2024-05-21,LinkedIn,Positive,#good,61,Jo Park,351
2024-05-11,Twitter,Positive,#good,10,Anthony Sullivan,201
2024-02-12,Facebook,Positive,#okay,38,Todd Mcdowell,701
2024-02-24,Instagram,Neutral,#terrible,71,Valerie Wall,450
2024-02-05,Facebook,Negative,product,31,Molly Weaver,981
2024-04-26,Facebook,Positive,#awesome,97,Dr. Adrian Francis,938
2024-02-20,Instagram,Positive,#okay,34,Michael Gallagher,801
2024-03-24,Twitter,Negative,#bad,21,Edward Sweeney,312
2024-03-11,LinkedIn,Neutral,#terrible,17,Ashley Kirk,704
2024-01-29,LinkedIn,Negative,#bad,25,Robin Riley,223
2024-03-07,LinkedIn,Positive,service,41,Tammy Thompson,210
2024-01-22,LinkedIn,Negative,experience,49,Eugene Petty,652
2024-05-03,Facebook,Neutral,experience,96,Sarah Porter,646
2024-05-21,LinkedIn,Neutral,feedback,81,Emma Bond,581
2024-01-17,Instagram,Neutral,#good,69,Brian Anderson,579
2024-04-06,Instagram,Negative,#great,38,Corey Bailey,808
2024-05-23,Twitter,Positive,#good,81,Brittany Ferguson,335
2024-02-14,LinkedIn,Neutral,#great,54,Mr. Corey Barnes,879
2024-01-14,Instagram,Negative,#okay,98,Mike Ramirez,818
2024-03-11,Facebook,Positive,service,35,Alicia Williams,203
2024-04-04,Facebook,Negative,#bad,87,Adriana Perkins,830
2024-01-21,LinkedIn,Positive,#awesome,66,Sarah Li,249
2024-03-04,Facebook,Neutral,#great,74,Michelle Kelly,251
2024-05-24,Instagram,Positive,#good,4,Heidi Delacruz,49
2024-02-12,LinkedIn,Positive,feedback,59,Deborah Lopez,787
2024-02-15,Facebook,Neutral,feedback,79,Sharon Short,442
2024-05-14,Instagram,Negative,experience,27,Zachary Shaw,592
2024-02-25,Facebook,Neutral,product,44,Daniel Martinez,826
2024-03-27,LinkedIn,Negative,service,88,Shawn Guerrero,187
2024-03-20,Facebook,Negative,service,89,Amber Moore,653
2024-02-25,Twitter,Neutral,#great,28,Hector Miller,454
2024-02-16,Instagram,Positive,#great,81,Andrea Campos,131
2024-03-23,Twitter,Neutral,feedback,59,Richard Simpson,62
2024-02-01,Twitter,Positive,feedback,83,Abigail Calhoun,234
2024-04-07,Facebook,Neutral,#okay,68,Kelly Mills,609
2024-01-30,Instagram,Negative,#terrible,24,Melissa Hoffman,122
2024-04-04,LinkedIn,Positive,#great,3,Jay Morrison,729
2024-04-19,Facebook,Negative,experience,93,Alyssa Craig,26
2024-05-09,Instagram,Positive,#awesome,28,Claudia Stewart,86
2024-02-26,LinkedIn,Neutral,#terrible,62,Angela Lawrence,607
2024-03-02,Twitter,Neutral,experience,57,Audrey Scott,383
2024-03-11,Twitter,Neutral,#good,52,Patricia Kelly,236
2024-05-08,Facebook,Negative,service,32,John Williams,107
2024-04-10,LinkedIn,Neutral,#terrible,4,Lauren Davis,572
2024-04-21,Facebook,Neutral,#awesome,71,Charles Schroeder,757
2024-02-14,LinkedIn,Positive,#awesome,6,Scott Dunn,710
2024-02-12,Twitter,Positive,experience,8,Christopher Nichols,802
2024-01-05,LinkedIn,Neutral,feedback,31,Ryan Johnson,208
2024-02-12,Twitter,Negative,experience,77,Rebecca Baker,254
2024-02-13,Facebook,Negative,#good,96,Mark Young,433
2024-02-09,Instagram,Negative,product,76,Cheryl Martinez,856
2024-04-11,LinkedIn,Negative,#awesome,79,Carlos Perry,140
2024-02-10,Twitter,Positive,service,2,Miss Michelle Cook,812
2024-03-10,Twitter,Positive,#bad,14,Elizabeth Gray,40
2024-01-11,LinkedIn,Neutral,#great,90,Andrew Harris,358
2024-02-26,Instagram,Neutral,#awesome,88,Marcus Duarte,465
2024-03-12,Twitter,Neutral,#great,13,Katherine Singh,66
2024-04-05,Facebook,Neutral,#good,88,Sergio Chandler,861
2024-04-12,Twitter,Neutral,#terrible,67,Jesus Diaz,990
2024-04-20,Instagram,Negative,#awesome,70,Miranda Brewer,243
2024-04-24,Facebook,Positive,#good,29,Andrew King,402
2024-05-18,Facebook,Positive,service,7,Heather Myers,317
2024-03-19,Instagram,Negative,#okay,17,Ricardo Wiley,527
2024-05-03,LinkedIn,Negative,#good,50,Ana Lee,250
2024-03-19,LinkedIn,Negative,#awesome,59,Ruben Mccoy,664
2024-04-28,Instagram,Negative,service,31,Adam Jordan,984
2024-05-24,Instagram,Positive,service,29,Patricia Jones,10
2024-04-07,LinkedIn,Positive,service,44,Erika Welch,456
2024-05-08,Instagram,Negative,#good,19,Brian Rivera,784
2024-01-29,LinkedIn,Positive,feedback,53,Michelle Haley,38
2024-03-31,Twitter,Neutral,#terrible,12,Andrea Trujillo,385
2024-01-20,Facebook,Negative,product,15,Patrick Warren,604
2024-04-08,Twitter,Negative,#awesome,72,Brenda Foster,548
2024-02-10,Facebook,Neutral,product,62,Joshua Hughes,356
2024-03-06,LinkedIn,Neutral,#bad,84,Brett Browning,822
2024-04-02,Instagram,Neutral,feedback,11,Abigail Wong,962
2024-01-26,LinkedIn,Negative,feedback,12,Jennifer Moreno,969
2024-04-22,Instagram,Neutral,#terrible,10,Christina Lucero,237
2024-01-31,Twitter,Neutral,#okay,79,Rebekah Lloyd,472
2024-05-02,Instagram,Negative,experience,12,Brenda Mendoza,503
2024-01-21,LinkedIn,Neutral,#bad,88,David Peters DDS,963
2024-04-19,Twitter,Positive,#bad,78,April Mitchell,927
2024-02-29,Facebook,Neutral,service,21,Austin Bender,638
2024-01-19,Facebook,Positive,#terrible,38,Michael Bailey,617
2024-04-06,LinkedIn,Positive,feedback,100,Rachel Tucker,799
2024-05-16,Facebook,Neutral,#great,24,Dawn Hernandez,300
2024-03-28,Facebook,Positive,service,10,Lisa Walker MD,349
2024-01-11,Facebook,Neutral,#awesome,23,Anthony Joyce,17
2024-01-05,Facebook,Negative,product,73,Pamela Cook,785
2024-01-24,Twitter,Negative,#terrible,56,Tanya Combs,538
2024-01-05,Instagram,Negative,experience,44,Brandon Clark,38
2024-03-09,Instagram,Negative,#terrible,98,Kathryn Frazier,866
2024-01-16,LinkedIn,Negative,#great,11,Ashley Cooper,491
2024-03-30,Facebook,Neutral,feedback,71,Stacey Flores,400
2024-01-05,Instagram,Neutral,#good,49,Jennifer Ochoa,165
2024-02-26,Facebook,Positive,feedback,88,Stacey Kim,815
2024-01-30,Instagram,Positive,#okay,25,Kevin Hernandez,280
2024-04-19,LinkedIn,Positive,#okay,26,Tonya Edwards,601
2024-04-06,Twitter,Positive,#great,47,Christopher Campbell,343
2024-03-17,Instagram,Neutral,#awesome,83,Thomas Nolan,624
2024-05-24,LinkedIn,Positive,service,47,Joanna Lopez,361
2024-01-13,Twitter,Positive,#awesome,23,Cynthia Hardin,810
2024-03-23,Twitter,Neutral,#good,11,Sabrina Carter,324
2024-01-17,LinkedIn,Neutral,service,80,Rhonda Contreras,239
2024-05-02,LinkedIn,Neutral,service,69,Roy Walsh,282
2024-03-11,Twitter,Neutral,feedback,97,Stacy Cunningham,531
2024-04-16,Instagram,Positive,#good,59,Michael Mccormick DVM,141
2024-01-07,Instagram,Positive,#great,22,Zachary Lester,332
2024-01-26,Twitter,Negative,#okay,10,Melissa Henry,113
2024-03-29,Facebook,Negative,service,45,James Romero,171
2024-03-20,Instagram,Negative,#good,84,Martha Kim,778
2024-04-05,Twitter,Neutral,#terrible,62,Thomas Williams,496
2024-01-30,Twitter,Negative,#okay,20,Steven Henderson DDS,865
2024-04-22,Facebook,Neutral,#okay,84,Rodney Jones,485
2024-04-04,Twitter,Positive,#bad,44,Erin Holt,182
2024-04-26,Twitter,Positive,#bad,90,Ariel Miller,182
2024-02-04,Instagram,Positive,#okay,3,Diane Meyer,336
2024-05-17,Twitter,Positive,#okay,78,Crystal Carter,21
2024-04-19,Instagram,Neutral,feedback,22,Angela Knight,936
2024-05-01,LinkedIn,Negative,#okay,37,James Lee,969
2024-02-05,Instagram,Negative,#good,92,Jackson Wallace,458
2024-03-02,LinkedIn,Positive,experience,20,Samantha Chambers,213
2024-05-06,Facebook,Neutral,#bad,47,Sarah Lindsey,580
2024-01-17,Facebook,Neutral,#good,57,Walter Gallagher,34
2024-04-28,Facebook,Positive,feedback,36,Amanda Pierce,864
2024-05-24,Instagram,Positive,#terrible,23,Lisa Guzman,784
2024-04-30,Twitter,Neutral,product,66,John Hudson,380
2024-02-26,Instagram,Neutral,service,21,Elizabeth Whitaker,173
2024-03-20,Facebook,Negative,product,6,Samantha Schroeder,291
2024-05-08,LinkedIn,Negative,#terrible,76,Allison Huynh,807
2024-01-31,LinkedIn,Negative,#bad,71,Gabriela Pierce,616
2024-01-06,Facebook,Neutral,product,17,Christopher Mcdonald,480
2024-02-12,Instagram,Neutral,service,5,Crystal Willis,189
2024-03-27,LinkedIn,Neutral,#great,67,Joshua Gibson,29
2024-04-13,Facebook,Positive,#okay,86,Megan Hall,103
2024-03-27,LinkedIn,Positive,#good,13,Ann Bowen,939
2024-01-13,Twitter,Positive,#great,78,Maria Valdez,928
2024-04-10,Facebook,Negative,#great,21,Mr. Christopher Solomon,297
2024-04-22,LinkedIn,Negative,#bad,40,Crystal Walters,767
2024-01-22,Facebook,Neutral,#okay,41,Kathleen Holloway,927
2024-04-06,Instagram,Negative,service,97,Matthew Olson,640
2024-03-08,LinkedIn,Negative,product,100,Angela Larson,187
2024-01-08,Facebook,Negative,experience,21,Trevor Keith,32
2024-01-12,Instagram,Neutral,feedback,11,Mrs. Sarah Harvey,669
2024-03-02,LinkedIn,Negative,#terrible,18,Robert Lowery,931
2024-04-22,Twitter,Positive,#terrible,21,Jennifer Sutton,644
2024-01-17,Facebook,Positive,#good,28,Courtney Mcguire,133
2024-01-14,Twitter,Positive,#great,94,Laura Moore,20
2024-04-03,Twitter,Negative,#good,15,Christopher Whitaker,49
2024-03-21,LinkedIn,Neutral,#terrible,60,Gail Case,346
2024-04-06,Twitter,Negative,#terrible,25,Richard Davis,987
2024-01-25,Facebook,Positive,#bad,97,Antonio Hill,938
2024-02-28,Instagram,Neutral,#great,14,Jordan Torres,100
2024-05-17,Instagram,Neutral,service,63,Melissa Collins,575
2024-03-26,Twitter,Positive,product,22,Christopher Lara,89
2024-02-01,Twitter,Neutral,product,3,Kirsten Russell,294
2024-03-27,Instagram,Negative,feedback,41,Maria Hancock,677
2024-02-02,LinkedIn,Neutral,#good,90,Jasmine Rodriguez,770
2024-01-29,Twitter,Negative,#great,43,Molly Hamilton,511
2024-01-25,Instagram,Neutral,#okay,26,Timothy Montgomery,79
2024-05-15,Instagram,Negative,service,65,Margaret Chen,119
2024-04-10,Twitter,Negative,#good,47,Jacob Williams,464
2024-05-15,LinkedIn,Positive,feedback,25,Jeremy Cruz,793
2024-05-23,LinkedIn,Negative,#good,85,Kyle Lynch,315
2024-05-04,LinkedIn,Negative,#terrible,47,Jared Camacho,156
2024-02-24,Twitter,Positive,#terrible,32,Tyler Mason,233
2024-05-15,Facebook,Negative,#awesome,30,Timothy Santiago,984
2024-05-19,Twitter,Neutral,service,57,Darrell Richards,137
2024-04-25,Facebook,Positive,#terrible,32,Katherine Greene,41
2024-04-03,Facebook,Negative,#terrible,4,David Garcia,27
2024-02-18,Instagram,Positive,#okay,35,Olivia Lee,765
2024-03-30,Facebook,Neutral,#terrible,12,Danielle Acosta,312
2024-02-02,Facebook,Negative,feedback,54,Andrew Jackson,105
2024-04-19,Facebook,Positive,product,93,Christopher Marshall,573
2024-04-14,Twitter,Neutral,service,62,Annette Roy,17
2024-05-06,Facebook,Neutral,product,21,Troy King,39
2024-02-24,Instagram,Neutral,#bad,68,Chelsey Ramirez,549
2024-01-14,Facebook,Neutral,#terrible,14,Paige Johnson,224
2024-02-10,Twitter,Negative,experience,26,Andrew Nguyen,599
2024-02-28,Twitter,Negative,experience,32,Thomas Allen,72
2024-03-28,Facebook,Positive,experience,66,Erin Guerrero,106
2024-04-15,LinkedIn,Positive,#great,88,Amanda Mcdonald,713
2024-03-24,LinkedIn,Neutral,#great,17,Ronnie Flores,165
2024-04-17,LinkedIn,Positive,service,35,Michelle Herrera,359
2024-02-10,Twitter,Negative,experience,20,Valerie Jimenez,132
2024-02-04,Facebook,Negative,#awesome,55,Christy Nguyen,143
2024-04-08,Facebook,Positive,#terrible,45,John Wilson,510
2024-01-09,LinkedIn,Negative,product,52,Holly Barrera,439
2024-02-12,Twitter,Negative,#good,86,Michael Townsend,680
2024-04-08,Facebook,Negative,experience,50,Ricky Stevens,212
2024-02-24,LinkedIn,Neutral,#awesome,66,Kayla Cooper,224
2024-05-01,LinkedIn,Positive,feedback,50,Jose Smith,669
2024-02-10,LinkedIn,Positive,service,97,Louis Owen,151
2024-02-04,Twitter,Neutral,#awesome,35,Geoffrey Ferguson,159
2024-01-22,Instagram,Positive,#terrible,98,Regina Rivera,867
2024-04-03,Twitter,Negative,#bad,26,David Wells,534
2024-05-21,LinkedIn,Neutral,service,57,Phillip Curtis,74
2024-01-29,Twitter,Negative,feedback,69,Daniel Brown,540
2024-04-21,Instagram,Positive,service,6,Donald Johnson,964
2024-05-16,Twitter,Negative,#awesome,13,Cindy Spencer,980
2024-04-13,LinkedIn,Positive,#terrible,99,Martin Powell,248
2024-01-24,Instagram,Negative,#awesome,93,Angela Smith,616
2024-04-08,Facebook,Neutral,product,34,Cathy Cardenas,367
2024-05-09,Twitter,Negative,#awesome,1,Katherine Chavez,427
2024-04-15,Twitter,Positive,#great,46,Taylor Martinez,584
2024-02-26,LinkedIn,Positive,#good,91,Brian Burke,79
2024-01-25,Instagram,Neutral,#good,93,Brad Payne,727
2024-03-03,Twitter,Positive,#okay,76,Daniel Henry,290
2024-01-12,Instagram,Neutral,#good,75,Laura Gallegos,659
2024-03-18,Twitter,Neutral,#okay,80,Wyatt Jacobs,565
2024-05-14,Instagram,Neutral,#bad,93,Lisa Thomas,235
2024-01-01,Facebook,Positive,#terrible,54,Walter Miller,363
2024-02-25,Facebook,Neutral,#good,69,Anne Johnson,264
2024-04-02,Twitter,Neutral,#bad,7,Jacob Gutierrez,81
2024-02-28,LinkedIn,Neutral,#awesome,27,Judith Benitez,713
2024-03-16,LinkedIn,Positive,#awesome,82,Bonnie Williams,171
2024-02-21,Twitter,Neutral,feedback,51,Rebecca Garcia,956
2024-03-09,LinkedIn,Negative,experience,61,Jeanette Livingston,596
2024-04-22,Facebook,Positive,#bad,60,Dr. Rachel Thompson,644
2024-03-18,Instagram,Negative,service,2,Joshua Best,636
2024-04-18,LinkedIn,Neutral,experience,10,Jean Stevens,511
2024-04-03,LinkedIn,Positive,experience,65,Joseph Byrd,702
2024-02-07,Facebook,Neutral,product,40,Kara Burke,830
2024-03-01,LinkedIn,Negative,#okay,37,Steven Ross,644
2024-01-25,Twitter,Negative,feedback,43,Amy Brady,574
2024-01-06,Instagram,Negative,#bad,40,Christian Hoffman,870
2024-05-06,Twitter,Negative,#good,47,James Bonilla,999
2024-05-12,Instagram,Negative,#terrible,76,Dr. Rachel Brown MD,312
2024-02-14,LinkedIn,Neutral,#great,27,Christopher Burnett,724
2024-03-31,LinkedIn,Neutral,#awesome,34,Erin Rivera,773
2024-05-19,Twitter,Negative,product,1,Thomas Gardner,671
2024-05-17,Twitter,Neutral,service,27,Adam Herrera,991
2024-01-30,Facebook,Neutral,#good,25,Lisa Hart,417
2024-05-15,Instagram,Negative,#great,3,Troy Thomas,692
2024-03-09,Facebook,Positive,experience,80,Sabrina Gutierrez,134
2024-04-28,Twitter,Positive,#terrible,69,Dakota Young,349
2024-04-21,Instagram,Neutral,#bad,87,John Arellano,598
2024-03-04,Instagram,Positive,feedback,10,Linda Dillon,680
2024-01-16,Instagram,Neutral,#bad,76,Anthony Moore,157
2024-03-27,Instagram,Negative,service,52,Justin Galloway,10
2024-05-17,LinkedIn,Positive,experience,16,Jane Warner,796
2024-02-23,Twitter,Positive,#okay,85,Jackie Burns,372
2024-01-25,Facebook,Negative,service,78,Gordon Greer,723
2024-02-16,Facebook,Positive,#terrible,28,Randy Lewis,190
2024-01-11,Instagram,Neutral,#terrible,59,Michael Thompson,973
2024-03-24,LinkedIn,Negative,feedback,20,Nicole Willis MD,798
2024-01-15,LinkedIn,Negative,#bad,81,Elizabeth Palmer,983
2024-01-09,Facebook,Positive,#awesome,17,Anthony Anderson,667
2024-04-15,Twitter,Positive,product,77,Mary Lopez,376
2024-01-21,LinkedIn,Positive,service,93,Jennifer Anthony,953
2024-02-25,Facebook,Neutral,#awesome,2,Andrew Hester,337
2024-04-11,Facebook,Neutral,service,49,Crystal Hall,424
2024-03-23,Facebook,Positive,#bad,89,Dennis Mata,485
2024-03-31,LinkedIn,Negative,#good,64,Dale Davis,80
2024-03-03,LinkedIn,Negative,#okay,89,Kristi Olson,526
2024-01-27,Instagram,Negative,service,49,Melissa Dean,195
2024-04-12,Facebook,Neutral,#awesome,85,Laura Barton,797
2024-02-12,LinkedIn,Positive,#good,94,Jimmy Young,606
2024-03-08,Twitter,Positive,#good,96,Dennis Buckley,48
2024-02-27,Facebook,Neutral,#bad,8,Amanda Park,586
2024-05-07,Facebook,Neutral,service,73,Michael Hunt,475
2024-03-07,Facebook,Neutral,#bad,39,Chad Bond,970
2024-03-10,Facebook,Neutral,#terrible,59,Sherry Foley,123
2024-05-04,Instagram,Neutral,#bad,76,Eric Robinson,789
2024-04-27,Instagram,Neutral,#bad,62,Beth Shaw MD,560
2024-02-18,LinkedIn,Positive,#good,27,April Rogers,761
2024-05-03,Twitter,Negative,#awesome,86,Heidi Estrada,419
2024-04-27,Facebook,Neutral,#terrible,69,Kelly Meadows,837
2024-03-28,Twitter,Neutral,#okay,83,Christopher Ferguson,159
2024-05-22,Instagram,Positive,feedback,90,Alan Drake,124
2024-01-27,Instagram,Negative,#great,22,Maria Wood,703
2024-01-09,Facebook,Positive,experience,91,Stephanie Barrett,195
2024-02-11,Facebook,Neutral,#terrible,75,Susan Doyle,792
2024-05-21,Facebook,Positive,experience,23,Michael Washington,692
2024-02-25,Instagram,Negative,#great,85,Jorge Murillo,700
2024-03-22,Facebook,Neutral,experience,95,William Merritt,205
2024-01-04,LinkedIn,Positive,#terrible,74,Michael Wong,404
2024-03-17,LinkedIn,Neutral,experience,87,Brandon Lamb,549
2024-05-12,Facebook,Positive,#awesome,31,Stephen Coleman,57
2024-03-29,Instagram,Positive,#okay,45,John Jones,827
2024-02-10,Twitter,Neutral,service,32,Colleen Webb,238
2024-02-02,Instagram,Neutral,#great,23,Dr. Emily Weiss DVM,543
2024-01-04,Instagram,Positive,product,48,Jessica Davidson,664
2024-01-03,LinkedIn,Neutral,#awesome,8,Donald Hayes,406
2024-01-30,Instagram,Positive,#terrible,58,Patricia Hansen,774
2024-04-13,Instagram,Positive,#okay,59,Jackie Bender,241
2024-02-17,Instagram,Positive,#okay,71,Stacy Allen,521
2024-05-11,Instagram,Positive,#great,32,Amber Floyd,401
2024-04-30,LinkedIn,Positive,#bad,2,Brianna Johnson,987
2024-04-22,Twitter,Positive,feedback,98,Jessica Lee,645
2024-03-11,Instagram,Negative,#great,49,Andrew Clark,665
2024-05-01,Twitter,Positive,#great,52,Donald Campbell,581
2024-04-22,Instagram,Negative,service,57,Nicholas Huff PhD,783
2024-04-11,Instagram,Positive,#awesome,73,Lacey Hawkins,995
2024-05-18,Facebook,Negative,#terrible,20,Jacob Morgan,397
2024-03-11,Instagram,Positive,#great,55,Cassandra Barnett,740
2024-02-24,Twitter,Neutral,service,39,Breanna Smith,517
2024-05-08,LinkedIn,Positive,experience,12,Joseph Thomas,763
2024-03-03,Facebook,Positive,feedback,41,Douglas Williams,687
2024-01-12,Instagram,Positive,service,20,Erin Mckee,654
2024-04-21,Facebook,Positive,#okay,19,Andrea Garcia,725
2024-03-16,Twitter,Negative,service,2,Crystal Johnson,327
2024-03-13,Facebook,Negative,#bad,13,Wayne Conner,506
2024-02-20,LinkedIn,Negative,#okay,7,Jennifer Dunn,256
2024-01-08,Twitter,Positive,experience,37,Desiree Huynh,870
2024-05-17,Instagram,Negative,#great,41,Marvin Scott,924
2024-01-01,Facebook,Neutral,feedback,72,Zachary Reid,226
2024-01-06,Facebook,Negative,#bad,29,Deborah Morgan,358
2024-01-19,Twitter,Negative,#great,25,Traci Brown,821
2024-05-13,Facebook,Neutral,#awesome,5,Mary Mccarthy,328
2024-01-06,Instagram,Negative,#bad,61,Jessica Fox,201
2024-05-05,Twitter,Neutral,service,23,Marco Garza,279
2024-04-01,Twitter,Negative,service,80,Kelly Baldwin,489
2024-05-24,Twitter,Positive,product,86,Cole Petty,619
2024-02-21,Twitter,Negative,#bad,79,Brianna Hicks,851
2024-02-12,Facebook,Negative,feedback,59,Kimberly Hernandez,198
2024-05-19,Facebook,Positive,feedback,21,Paul Jimenez,521
2024-05-06,LinkedIn,Neutral,#okay,64,Diane Mendez,297
2024-05-13,LinkedIn,Positive,#okay,62,Phillip Morales,821
2024-01-13,Twitter,Negative,feedback,96,Marco Smith,273
2024-05-24,Instagram,Negative,#bad,86,Joshua Walsh,725
2024-05-06,LinkedIn,Positive,feedback,63,Diane Washington,231
2024-01-16,Instagram,Negative,#okay,31,Desiree Oneill,332
2024-02-03,Instagram,Negative,#okay,17,Christopher Jacobs,980
2024-03-19,LinkedIn,Positive,feedback,97,Eric Tran,783
2024-03-06,Instagram,Negative,feedback,8,April Gross,110
2024-01-15,LinkedIn,Negative,#bad,68,Teresa Wilson,392
2024-04-08,Twitter,Positive,product,26,Nathaniel Santos,609
2024-05-15,Instagram,Neutral,product,11,Katherine Thomas,73
2024-02-22,Instagram,Positive,#okay,48,Michael Wu,51
2024-03-18,LinkedIn,Positive,service,35,Jose Waters,282
2024-02-18,Instagram,Positive,#terrible,6,Joseph Ramirez,568
2024-03-01,Instagram,Positive,#terrible,78,Leah Yu,289
2024-05-13,Twitter,Negative,#okay,32,Jeffrey Green,1000
2024-03-26,Twitter,Neutral,#terrible,27,Dylan Davidson,217
2024-02-13,Instagram,Negative,#okay,42,Derek Guerrero,553
2024-05-02,Instagram,Neutral,service,61,Kristin Dean,39
2024-01-02,Facebook,Negative,#great,28,Michael Long,732
2024-01-15,Facebook,Negative,service,25,Cindy Cruz,86
2024-01-14,Instagram,Neutral,#okay,96,Amber Hughes,954
2024-05-22,Facebook,Neutral,product,43,Jennifer Cooley,490
2024-03-12,Instagram,Negative,#terrible,51,Rachael Hunter,184
2024-02-12,Twitter,Negative,#good,76,Mary Boone,986
2024-03-28,Twitter,Neutral,#good,2,Ian Thomas,636
2024-04-12,LinkedIn,Positive,#awesome,4,Anthony Brennan,762
2024-02-07,Facebook,Positive,#terrible,50,Andrew Dawson,911
2024-04-12,LinkedIn,Neutral,feedback,36,Jeffrey Murray,54
2024-02-09,Facebook,Neutral,feedback,76,Thomas Barnett,396
2024-04-07,Facebook,Positive,#bad,100,Ms. Michelle Collier,712
2024-01-14,LinkedIn,Positive,product,80,Oscar Ellis Jr.,966
2024-05-01,Instagram,Positive,feedback,78,Sierra Smith,850
2024-02-29,LinkedIn,Negative,experience,71,James Maddox,353
2024-01-07,Instagram,Negative,#awesome,22,Michael Garcia,489
2024-03-06,LinkedIn,Neutral,experience,40,William Hayes,470
2024-04-18,Facebook,Positive,product,75,Jeremiah Manning,963
2024-03-30,LinkedIn,Negative,experience,26,Anna Cook,871
2024-03-27,Instagram,Negative,#terrible,20,Adam Brown,801
2024-05-17,LinkedIn,Positive,#bad,25,Kimberly Reid,822
2024-02-04,Facebook,Neutral,feedback,17,Lori Sherman,707
2024-03-20,Twitter,Neutral,#terrible,9,Andrew Bell,488
2024-03-27,LinkedIn,Negative,#awesome,8,Brooke Chambers,71
2024-05-10,Instagram,Negative,#bad,6,Sarah Reed,225
2024-04-13,LinkedIn,Neutral,service,27,Latoya Arnold,875
2024-04-04,Twitter,Positive,#great,4,Micheal Fuentes,294
2024-05-23,Facebook,Positive,#okay,78,Natalie Howard,884
2024-03-17,LinkedIn,Positive,#good,13,Jennifer Day,199
2024-03-29,Twitter,Neutral,#good,32,David Santos,55
2024-02-03,Twitter,Neutral,#great,85,Timothy Armstrong,895
2024-03-11,Facebook,Neutral,#okay,28,Tiffany Green,654
2024-03-19,Instagram,Positive,service,85,Cody Osborn,98
2024-02-27,Twitter,Negative,experience,31,Barbara Whitehead,395
2024-02-25,Twitter,Positive,#awesome,17,Heather King,153
2024-03-10,Twitter,Neutral,#terrible,88,Christopher Smith,852
2024-04-28,Twitter,Positive,#awesome,31,Cynthia Fisher,786
2024-03-30,LinkedIn,Positive,service,55,Wendy Daniel,351
2024-01-20,Facebook,Negative,#terrible,50,Clayton Williams,84
2024-01-14,LinkedIn,Neutral,#good,20,Jacob Long,960
2024-01-17,LinkedIn,Neutral,product,24,Nathaniel Ramos,976
2024-01-01,Twitter,Positive,#okay,80,Cheryl Pierce,189
2024-03-25,Instagram,Positive,service,19,Franklin Butler,186
2024-02-05,LinkedIn,Positive,#okay,47,Dr. Jennifer Murphy,743
2024-02-17,Facebook,Positive,#good,81,Mary Parker,792
2024-03-21,Instagram,Positive,feedback,82,Tyrone Newton,263
2024-02-25,LinkedIn,Neutral,experience,25,Michael Wheeler,218
2024-01-08,Instagram,Neutral,#awesome,40,Sean Phillips,801
2024-04-15,Instagram,Positive,#terrible,63,Olivia Mercado,590
2024-02-14,LinkedIn,Neutral,#good,73,Holly Escobar,981
2024-03-27,Instagram,Negative,service,10,Anthony Franklin,951
2024-03-03,LinkedIn,Negative,#okay,88,Casey Mccormick,658
2024-03-09,LinkedIn,Positive,#okay,29,Steven Lamb,730
2024-03-30,Facebook,Neutral,#terrible,80,Vanessa Johnston,219
2024-01-06,Twitter,Negative,#okay,21,Julie Campbell,987
2024-02-21,Twitter,Negative,#okay,72,James Burton,977
2024-03-14,LinkedIn,Negative,#bad,57,Dale Rivera,158
2024-05-13,Twitter,Neutral,#great,28,Geoffrey Gamble,67
2024-04-14,LinkedIn,Positive,#good,32,Maxwell Sims,845
2024-01-28,Facebook,Positive,product,63,Dr. Eric Williams,96
2024-01-29,Facebook,Neutral,#terrible,45,Susan Wilson,89
2024-02-28,Twitter,Neutral,product,75,Christopher Watson,945
2024-05-08,Facebook,Negative,experience,46,Sandra Stein MD,499
2024-03-08,Facebook,Positive,#good,5,Jordan Joseph,157
2024-02-20,LinkedIn,Positive,#good,71,Beverly Griffin,36
2024-01-30,Instagram,Positive,product,34,Timothy Frank,103
2024-03-29,LinkedIn,Positive,#bad,8,Joyce Lewis,625
2024-01-19,Instagram,Negative,#awesome,47,Allison Parker,186
2024-02-27,Facebook,Neutral,#great,49,Patrick Wolfe,811
2024-04-24,LinkedIn,Neutral,service,8,Timothy Murphy,595
2024-02-08,Instagram,Negative,service,29,David Burns,433
2024-04-07,Twitter,Neutral,#okay,29,Travis Oconnell,224
2024-04-20,Facebook,Neutral,experience,45,Allison Smith,741
2024-05-20,Facebook,Neutral,#okay,16,Jennifer Horton,931
2024-05-03,Twitter,Positive,#terrible,66,Elizabeth Mahoney,666
2024-01-07,LinkedIn,Neutral,#bad,62,Regina Flores,270
2024-05-03,LinkedIn,Neutral,#awesome,17,Nicole Cooper DVM,691
2024-03-27,Twitter,Negative,product,12,Valerie Frazier,610
2024-01-29,Instagram,Neutral,#good,83,Michael Nelson,800
2024-05-22,Twitter,Negative,experience,65,Barry Martinez,216
2024-03-31,LinkedIn,Negative,#great,9,Alicia Grant,555
2024-05-21,Twitter,Positive,#okay,29,Michael Vasquez,524
2024-01-19,Twitter,Positive,feedback,48,Kathy Smith,713
2024-03-27,Facebook,Neutral,#good,15,Kellie Hess,539
2024-04-23,Facebook,Positive,feedback,28,Colleen Wall,874
2024-01-08,Facebook,Neutral,#bad,75,Ronnie King,594
2024-01-27,LinkedIn,Neutral,experience,67,Jeremy Washington,754
2024-01-22,Instagram,Negative,experience,54,Tara Herring,324
2024-04-21,Facebook,Neutral,#good,21,William Pace,475
2024-03-08,LinkedIn,Positive,service,17,Steven Silva,483
2024-05-24,Twitter,Neutral,#great,10,Sandra Hanson,666
2024-03-13,Instagram,Negative,#okay,91,Robert Cole,584
2024-01-13,Instagram,Neutral,experience,61,Robert Mercer,81
2024-05-24,LinkedIn,Positive,feedback,59,Brenda Becker,702
2024-02-12,Twitter,Negative,#bad,26,Mr. Steven Zamora,129
2024-01-27,Facebook,Positive,service,60,Logan Andrews,137
2024-04-10,Twitter,Neutral,#good,96,David Baldwin,546
2024-01-28,LinkedIn,Neutral,#great,79,William Smith,74
2024-05-06,Facebook,Positive,#awesome,83,James Davis,592
2024-05-21,Facebook,Neutral,experience,22,William Ford,891
2024-03-21,LinkedIn,Positive,#great,15,Chad Herrera,100
2024-05-14,LinkedIn,Positive,product,21,Desiree Jackson,125
2024-01-04,LinkedIn,Positive,feedback,43,Matthew York,116
2024-04-26,Facebook,Negative,#great,3,Emily Morgan,447
2024-02-12,Twitter,Positive,#great,83,David Clark,834
2024-04-08,Instagram,Neutral,#awesome,69,Lauren Burgess,80
2024-03-26,Twitter,Negative,#awesome,2,Cathy Young,569
2024-05-19,Instagram,Negative,#good,24,Robin Cooper,453
2024-02-18,Facebook,Neutral,product,66,Paul Griffin,825
2024-02-11,LinkedIn,Positive,service,85,Claudia Taylor,154
2024-04-04,Instagram,Negative,product,80,Donna Garza,327
2024-03-09,Facebook,Positive,#good,3,John Payne,829
2024-03-14,Facebook,Positive,experience,1,Bradley Ferguson,870
2024-01-27,Twitter,Neutral,#awesome,86,Zachary Harvey,962
2024-01-31,Twitter,Positive,#great,60,Courtney Nash,966
2024-04-17,LinkedIn,Negative,#good,25,Daniel Williams,625
2024-02-19,Facebook,Positive,#awesome,6,Charles Carpenter,704
2024-01-09,Twitter,Neutral,#bad,85,Danny Howard,143
2024-03-07,Instagram,Neutral,#good,22,Hailey Harris,511
2024-01-18,Twitter,Neutral,#awesome,68,Jose Berry,68
2024-01-09,LinkedIn,Neutral,#good,76,Taylor Ramirez,222
2024-04-07,Instagram,Neutral,#awesome,80,Carolyn Baker,954
2024-01-17,Instagram,Negative,feedback,29,Emily Cooper,169
2024-03-14,Twitter,Neutral,#bad,32,Dylan Herring,28
2024-04-04,LinkedIn,Neutral,#great,62,Jaime Carlson,581
2024-02-07,Twitter,Neutral,feedback,21,Ms. Suzanne Griffin,913
2024-01-13,Facebook,Negative,feedback,2,Cindy Evans,793
2024-03-10,Facebook,Neutral,experience,83,Kelly Jimenez,750
2024-03-25,Facebook,Positive,experience,94,Michele Mitchell,41
2024-05-16,LinkedIn,Positive,feedback,28,Daniel Padilla,664
2024-03-21,Instagram,Neutral,service,86,Lorraine Sanchez,724
2024-04-23,LinkedIn,Positive,#awesome,73,John Massey,316
2024-01-25,Facebook,Negative,product,5,Amanda Garrett,504
2024-02-23,Instagram,Positive,#okay,83,Rachel Mcneil,550
2024-03-17,LinkedIn,Positive,product,92,Laura Chavez,335
2024-01-04,LinkedIn,Negative,feedback,18,Joel Shah,897
2024-01-11,Instagram,Neutral,#good,15,Joyce Gross,18
2024-05-16,LinkedIn,Neutral,#bad,88,Christopher Hayes,974
2024-03-19,Twitter,Neutral,#good,59,Chase Sellers,942
2024-03-29,LinkedIn,Positive,#bad,28,Jennifer Serrano,697
2024-03-07,Instagram,Positive,feedback,24,Susan Jones,48
2024-05-23,LinkedIn,Neutral,experience,78,Kristen Roberts,195
2024-01-31,Facebook,Neutral,#great,48,Andrew Kim,240
2024-01-23,Facebook,Positive,service,89,Brooke Acosta,556
2024-04-23,Twitter,Positive,#good,29,Jamie Coleman,418
2024-04-03,Instagram,Negative,#awesome,60,Scott Barton,891
2024-02-21,Twitter,Neutral,#bad,11,Luis Russell,395
2024-04-03,Facebook,Negative,#good,81,Joseph Cox,26
2024-01-31,Instagram,Positive,#okay,17,Kristina Morrison,576
2024-01-13,Instagram,Neutral,#terrible,27,Rachel Ferguson,539
2024-02-12,Facebook,Positive,#good,29,Lisa Sanchez,864
2024-05-14,Facebook,Neutral,feedback,5,Angel Lyons,898
2024-02-16,LinkedIn,Positive,service,11,Melissa Melendez,549
2024-03-11,Instagram,Neutral,#bad,99,Frederick Webb,398
2024-05-17,Instagram,Positive,#great,29,Craig Davis,342
2024-02-13,LinkedIn,Neutral,#good,82,Lindsey Green,220
2024-01-09,Twitter,Positive,#great,43,Stephanie Bond,358
2024-03-10,Instagram,Positive,#okay,2,Michelle Johnson,295
2024-01-20,Instagram,Negative,#good,85,Stephanie Cooper,78
2024-04-23,Facebook,Positive,#good,17,Jesse Woods,464
2024-04-27,Facebook,Neutral,#awesome,92,Warren Mills,876
2024-01-26,Instagram,Positive,service,9,Brett Brown,191
2024-03-08,LinkedIn,Positive,#okay,91,Christopher Holmes,840
2024-01-03,Instagram,Neutral,#terrible,62,Tyler Mcdonald,273
2024-05-21,Twitter,Positive,service,16,Michael Lee,310
2024-01-08,Instagram,Neutral,#great,63,Tiffany Jenkins,54
2024-03-31,Facebook,Positive,#awesome,94,Ryan Horton,755
2024-03-05,Facebook,Neutral,feedback,44,Diane Fernandez,41
2024-01-18,LinkedIn,Positive,#okay,29,Daniel Turner,366
2024-05-18,LinkedIn,Positive,#bad,87,Gabriel Garrett,478
2024-02-16,LinkedIn,Positive,feedback,81,Christopher Williams,235
2024-04-03,Twitter,Negative,product,62,Jessica Butler,871
2024-03-06,Facebook,Negative,#great,58,Michelle Rogers,20
2024-02-23,Facebook,Negative,#bad,60,Noah Payne,423
2024-04-09,Twitter,Neutral,service,59,Janice Knox,110
2024-05-03,Instagram,Negative,#good,56,Mr. Christian Smith,953
2024-03-23,LinkedIn,Positive,#awesome,20,Melissa Becker,99
2024-01-10,LinkedIn,Neutral,#bad,55,Larry Mays DVM,797
2024-03-01,Facebook,Positive,#okay,53,Bradley Collins,829
2024-01-21,LinkedIn,Negative,feedback,40,Jillian Booth,389
2024-05-13,LinkedIn,Negative,experience,46,Sarah Harrington,781
2024-05-21,Facebook,Negative,#bad,32,Linda Kennedy,472
2024-03-11,Facebook,Neutral,service,15,Jennifer Chandler,416
2024-03-29,Facebook,Neutral,#awesome,84,Lisa Campbell,507
2024-02-07,Instagram,Negative,#okay,31,Shawn Ramos,86
2024-03-03,Twitter,Positive,#awesome,31,James Roth,550
2024-04-11,Twitter,Negative,experience,93,Andrew Thompson,148
2024-04-30,Facebook,Neutral,product,75,Jeffrey Garcia,366
2024-04-07,Twitter,Positive,service,2,Michael Estrada,261
2024-04-17,Instagram,Neutral,feedback,64,Michael Williams,960
2024-02-18,Instagram,Neutral,#okay,75,Brett Murray,728
2024-01-11,Facebook,Negative,#okay,51,Maria Doyle,316
2024-04-08,LinkedIn,Positive,#okay,42,Mike Mathis,603
2024-01-29,LinkedIn,Negative,product,43,Jennifer Taylor,434
2024-01-11,Twitter,Neutral,service,22,Joshua Whitehead,727
2024-04-25,LinkedIn,Negative,#terrible,51,Noah Dunn DDS,911
2024-04-15,Facebook,Neutral,service,44,Paula Sanchez,80
2024-03-12,Instagram,Positive,#awesome,65,Martin Castillo,116
2024-02-10,Instagram,Neutral,#great,14,Andrea Johnston,569
2024-03-28,Twitter,Negative,#terrible,13,Nancy Warner,998
2024-03-13,LinkedIn,Negative,#terrible,26,Emily Todd,543
2024-04-30,Instagram,Negative,#awesome,14,Michelle Sanders,43
2024-05-17,Instagram,Neutral,#awesome,33,Mark Zimmerman,518
2024-01-23,Instagram,Negative,#great,80,Johnathan Rivas,941
2024-02-10,LinkedIn,Positive,#awesome,38,Morgan Miller MD,201
2024-01-29,Facebook,Negative,product,31,Benjamin Moore,660
2024-05-16,Instagram,Positive,service,61,Trevor Diaz,258
2024-04-28,Twitter,Positive,service,28,Aaron Ward,157
2024-02-17,Facebook,Negative,#bad,84,Catherine Woods,905
2024-05-08,Twitter,Positive,#bad,39,Joshua Blanchard,914
2024-05-05,Twitter,Negative,#bad,93,Michelle Johnson,196
2024-04-11,LinkedIn,Negative,product,56,Nicole Perry,985
2024-01-10,Facebook,Positive,#okay,73,Brittany Roberts,738
2024-02-14,Facebook,Neutral,service,49,Travis Santana,229
2024-01-16,LinkedIn,Positive,service,30,Autumn King,438
2024-02-10,LinkedIn,Neutral,experience,38,Jessica Garcia,540
2024-05-18,Facebook,Neutral,#bad,94,John Herrera,129
2024-03-14,Instagram,Neutral,#good,66,Laura Sullivan,483
2024-03-14,Twitter,Negative,#terrible,71,Lisa Mayo,577
2024-03-06,Instagram,Positive,feedback,93,Teresa Hamilton,773
2024-01-30,LinkedIn,Neutral,#bad,52,Rhonda Savage,101
2024-05-03,Instagram,Positive,#great,10,Stephanie Smith,158
2024-05-19,Instagram,Positive,#good,36,Ruben Williams,512
2024-04-19,Facebook,Negative,feedback,26,Adam Rice,125
2024-05-10,LinkedIn,Negative,#terrible,40,Brendan Love,898
2024-05-23,LinkedIn,Positive,service,100,Jack Hudson,868
2024-03-02,Instagram,Neutral,#bad,6,Regina Salinas,907
2024-04-16,LinkedIn,Positive,experience,58,Margaret Black,230
2024-05-13,Instagram,Neutral,#great,57,Joshua Hernandez,898
2024-04-13,LinkedIn,Negative,#good,81,Daniel Long,442
2024-02-23,LinkedIn,Neutral,#okay,38,Jacqueline Combs,947
2024-02-04,Twitter,Neutral,feedback,36,Heather Miller,62
2024-05-23,Twitter,Positive,#good,38,Evelyn Shepard,468
2024-05-05,Instagram,Neutral,#terrible,73,Vickie Mcmahon,886
2024-04-26,LinkedIn,Neutral,experience,76,Daniel Nunez,449
2024-05-04,Twitter,Negative,product,42,Erik Baldwin,693
2024-02-06,Instagram,Neutral,#awesome,45,Connie Crosby,903
2024-03-24,Facebook,Positive,#good,97,Ronald Clark,448
2024-01-19,Facebook,Neutral,#terrible,74,David Howard,206
2024-05-03,Facebook,Neutral,service,80,Michael Atkinson,277
2024-03-13,Twitter,Negative,feedback,51,Vincent Graves,893
2024-01-20,Facebook,Negative,service,11,Kevin Harris,360
2024-03-27,Instagram,Negative,service,25,Mr. Joseph Villarreal Jr.,253
2024-04-03,LinkedIn,Neutral,#awesome,60,Ryan Austin,897
2024-01-18,Twitter,Negative,#great,36,Julie Rhodes,639
2024-05-10,Instagram,Positive,experience,63,Matthew Howard,859
2024-05-15,LinkedIn,Neutral,#awesome,24,Robert Davis,765
2024-03-30,Facebook,Negative,#terrible,35,Victoria Freeman,200
2024-01-01,Instagram,Neutral,#bad,89,Christopher Wright,551
2024-05-16,Instagram,Positive,#terrible,33,Randy Cantu,908
2024-04-21,Instagram,Negative,#awesome,92,Sandy Hendricks,58
2024-04-01,LinkedIn,Positive,product,63,Antonio Frye,400
2024-01-05,Instagram,Positive,experience,86,Terry Mueller,789
2024-05-15,LinkedIn,Positive,service,63,Susan Sanders,931
2024-04-10,Instagram,Neutral,#great,73,Timothy Diaz,712
2024-04-21,Twitter,Positive,#good,94,Barbara Cox,872
2024-05-06,Twitter,Positive,#good,46,Nichole Davis,269
2024-05-02,Twitter,Negative,#bad,35,Christine Maxwell,21
2024-04-11,LinkedIn,Neutral,experience,15,Andrew Davidson,870
2024-02-25,Twitter,Neutral,#awesome,94,Melissa Cook,645
2024-02-24,LinkedIn,Negative,feedback,3,Edward Sullivan,922
2024-03-29,Facebook,Negative,feedback,98,Dr. Jennifer Hunter MD,31
2024-02-21,Facebook,Positive,service,81,Sean King,410
2024-01-26,Instagram,Neutral,#good,85,Whitney Cole,370
2024-02-17,LinkedIn,Neutral,experience,30,Peter Huynh,404
2024-04-20,Instagram,Positive,product,70,Elizabeth Allen,855
2024-05-03,Facebook,Neutral,#great,71,Jessica Richardson,203
2024-04-08,LinkedIn,Neutral,experience,52,Donna Myers,567
2024-05-14,LinkedIn,Positive,#great,96,Roger Wilson,522
2024-01-07,Facebook,Negative,#bad,14,James Massey,636
2024-04-06,Twitter,Neutral,#bad,34,Christopher Nash,681
2024-05-19,Facebook,Neutral,service,25,Ashley Cantrell,84
2024-04-21,Instagram,Negative,#good,36,Anna Barrett,198
2024-03-15,LinkedIn,Negative,experience,78,Jeffrey Williams,368
2024-01-13,Facebook,Negative,#okay,1,Kimberly White,361
2024-01-24,LinkedIn,Negative,#good,69,Stephanie Mora,99
2024-03-14,Facebook,Negative,#terrible,94,Nicholas Barry,633
2024-01-11,LinkedIn,Neutral,feedback,93,Justin Wall,479
2024-01-05,Facebook,Positive,#okay,90,Jeffery Crawford,301
2024-05-22,Facebook,Negative,#good,11,Deborah Hill,970
2024-02-15,Facebook,Positive,#okay,76,Veronica Gray,775
2024-02-19,Facebook,Negative,#bad,32,Sarah Brown,987
2024-03-10,Twitter,Neutral,experience,38,Peter Hernandez,792
2024-02-12,LinkedIn,Neutral,service,40,Cheryl Kerr,220
2024-05-15,LinkedIn,Neutral,#okay,5,Alexander Watson,455
2024-04-06,Instagram,Negative,#good,4,Bradley Collins,911
2024-03-20,Facebook,Positive,#awesome,4,Karen Mercado,974
2024-05-15,Instagram,Positive,service,20,Anthony Ortiz,978
2024-02-22,LinkedIn,Positive,feedback,66,Margaret Long,588
2024-02-11,Facebook,Neutral,service,47,Cynthia Cooper,907
2024-02-15,Twitter,Neutral,#awesome,37,Cheryl Miller,984
2024-02-19,Instagram,Positive,experience,87,Michael Ward,497
2024-03-09,LinkedIn,Positive,#great,81,Taylor Ramirez,497
2024-04-21,Facebook,Negative,#bad,69,Angela Carter,113
2024-02-22,Instagram,Neutral,#good,3,Patrick George,680
2024-02-18,Instagram,Negative,#great,98,Melissa Evans,615
2024-02-23,LinkedIn,Neutral,service,29,Jennifer Smith,77
2024-05-10,Twitter,Negative,#okay,77,Brent Austin,58
2024-03-01,Twitter,Positive,#bad,61,Terri Stevens,481
2024-03-20,Facebook,Neutral,#great,90,Frank Mercado,697
2024-04-25,Instagram,Neutral,experience,73,Alfred Wood,644
2024-05-23,Facebook,Negative,#good,31,Antonio Townsend,265
2024-05-01,Instagram,Positive,feedback,33,Clayton Thompson,300
2024-01-02,LinkedIn,Positive,#terrible,41,Julie Cook,407
2024-04-02,Twitter,Positive,service,91,Erik Reed,390
2024-02-29,Twitter,Neutral,#awesome,8,Elizabeth Parks,498
2024-05-02,Twitter,Positive,#bad,94,Stephanie Huynh,805
2024-04-07,Twitter,Positive,#awesome,83,Alyssa Simmons,285
2024-02-02,Instagram,Positive,service,30,Carol Hood,618
2024-05-12,Instagram,Neutral,#great,76,Haley Butler,93
2024-05-01,Twitter,Neutral,experience,32,Wendy Montes,716
2024-02-18,Instagram,Negative,#great,68,Jamie Fletcher,806
2024-04-30,LinkedIn,Negative,service,27,Jeff Perez,900
2024-02-21,LinkedIn,Positive,#okay,17,Miranda Brown,119
2024-02-04,Twitter,Neutral,#bad,85,Brad Myers,833
2024-04-29,Instagram,Negative,#awesome,51,Nancy Jones,635
2024-04-06,Twitter,Negative,product,81,Nicole Robinson,293
2024-01-03,Facebook,Positive,#terrible,24,Diamond Cooper,244
2024-01-18,Facebook,Positive,experience,87,James Williams,405
2024-04-24,LinkedIn,Positive,#okay,58,Laura Davis,773
2024-02-25,Instagram,Negative,#great,71,William Schultz,871
2024-03-25,LinkedIn,Negative,#bad,8,Jeffrey White,674
2024-03-12,Instagram,Neutral,service,38,Christopher Henson,745
2024-03-19,Twitter,Negative,#awesome,88,Blake Gonzalez,148
2024-04-06,LinkedIn,Negative,#awesome,76,Tiffany Butler,745
2024-03-21,Instagram,Positive,#good,46,Madison Medina,953
2024-03-13,Instagram,Negative,feedback,29,Thomas Harrison,164
2024-04-14,LinkedIn,Negative,#okay,55,Dr. Stacey Moss,196
2024-02-17,Twitter,Neutral,#terrible,42,Susan Gardner,289
2024-01-18,LinkedIn,Neutral,feedback,59,Joseph Mitchell,125
2024-02-26,LinkedIn,Negative,#bad,88,Latasha Stout,626
2024-02-05,LinkedIn,Negative,#great,48,Ronald Cooper,824
2024-02-15,LinkedIn,Positive,#good,58,Andrew Morgan,1000
2024-03-06,Instagram,Positive,#okay,5,Michelle Conway,398
2024-05-18,Twitter,Neutral,#good,24,Heidi Martinez,925
2024-05-21,Facebook,Positive,#bad,62,Mr. William Velazquez,485
2024-04-13,Twitter,Positive,#good,38,Brandy Kelley,548
2024-01-21,LinkedIn,Neutral,#great,91,Arthur Lee,640
2024-01-05,Instagram,Neutral,experience,54,Dr. Ruben Chapman,624
2024-01-14,Twitter,Positive,#great,61,Brenda Jarvis,760
2024-03-28,Facebook,Negative,service,12,John Lawson,201
2024-04-16,Twitter,Positive,#bad,43,Barbara Davis,834
2024-01-07,Facebook,Neutral,#terrible,79,Angela Baker,884
2024-01-13,LinkedIn,Negative,#good,98,Tracey Chambers,742
2024-04-02,Facebook,Negative,#terrible,32,Julie Wells,807
2024-03-24,LinkedIn,Negative,#okay,9,Ryan Porter,365
2024-01-11,Facebook,Neutral,#terrible,23,Jeffery Brooks,381
2024-04-29,Instagram,Positive,#okay,72,Francis Wagner,854
2024-03-12,Twitter,Positive,experience,92,Angel Diaz MD,885
2024-03-11,LinkedIn,Negative,#bad,28,William Leblanc,504
2024-04-30,Facebook,Neutral,#bad,6,Alan Jordan,575
2024-01-06,LinkedIn,Positive,#awesome,15,Aaron Brown,300
2024-05-19,Instagram,Positive,#okay,94,Julia Scott,278
2024-05-19,Facebook,Negative,#awesome,68,Laura Lewis,682
2024-03-10,Twitter,Neutral,experience,43,Michael Kline,507
2024-03-29,LinkedIn,Neutral,service,94,Amanda Grant,618
2024-02-25,LinkedIn,Negative,#great,68,Tammy Dillon,613
2024-05-09,Instagram,Positive,service,63,Paul Armstrong,249
2024-02-27,Instagram,Positive,#terrible,65,Jeffrey Kirk,662
2024-03-02,Twitter,Positive,product,15,Shawn Rivera,788
2024-04-07,Facebook,Positive,experience,37,Ronald Melendez,969
2024-03-14,Facebook,Negative,product,69,Grant Kennedy,840
2024-04-24,Facebook,Positive,#great,29,Kimberly Bailey,370
2024-04-22,LinkedIn,Negative,experience,21,Jason Calhoun,630
2024-02-22,Facebook,Positive,#great,30,Brian Franklin,144
2024-01-15,Facebook,Positive,#good,85,Jessica Stafford,177
2024-03-19,Instagram,Negative,#awesome,2,Jerome Steele,144
2024-05-05,LinkedIn,Positive,feedback,77,Michael Jenkins,42
2024-02-18,Instagram,Neutral,feedback,40,Kristine Macdonald,245
2024-04-08,LinkedIn,Neutral,product,40,Sharon Romero,840
2024-04-15,Instagram,Neutral,#bad,76,Anna Mejia,676
2024-02-08,LinkedIn,Negative,#okay,24,Brittany Morse,917
2024-02-01,Facebook,Negative,#okay,61,Joseph Tucker,214
2024-04-13,LinkedIn,Neutral,#great,92,James Ramos,986
2024-02-13,Twitter,Positive,service,38,Eric Bell,351
2024-05-22,Instagram,Positive,#okay,32,Rebecca Marshall,967
2024-05-21,LinkedIn,Negative,#okay,40,Michael Kelly,553
2024-02-01,LinkedIn,Positive,#great,10,Sandra Butler,651
2024-03-26,Instagram,Negative,product,70,Mr. Darren Jackson,81
2024-03-31,Facebook,Negative,#okay,73,Anne Simpson,686
2024-04-02,LinkedIn,Negative,#terrible,4,Heather Dunn,156
2024-05-23,LinkedIn,Negative,#awesome,58,William Boone,257
2024-03-22,Instagram,Positive,feedback,64,Gary Palmer,585
2024-02-06,Twitter,Positive,service,11,Jonathan Silva,385
2024-04-08,Facebook,Neutral,service,87,Christine Hunt,218
2024-04-22,LinkedIn,Negative,service,80,Chelsey Cook,554
2024-03-18,Facebook,Positive,#okay,23,Nicole Mccarty,13
2024-02-18,Facebook,Neutral,product,13,Holly Mitchell,311
2024-02-26,LinkedIn,Negative,experience,17,Jeffrey Rogers,772
2024-01-20,Facebook,Neutral,experience,9,Claudia Graves,145
2024-04-07,LinkedIn,Neutral,product,39,Stacy Crawford,17
2024-02-13,Instagram,Positive,#bad,81,Ruben Jones,14
2024-05-17,Facebook,Negative,#great,30,Randy Scott,993
2024-04-02,Twitter,Neutral,experience,70,Sharon Webb,852
2024-05-17,LinkedIn,Negative,service,14,Michael Moore,705
2024-01-01,Facebook,Neutral,product,85,Shawn Jacobson,574
2024-01-26,Twitter,Positive,#okay,47,Clayton Murillo,737
2024-05-11,Facebook,Negative,feedback,67,Mrs. Julie Wong MD,606
2024-05-11,Instagram,Neutral,#terrible,44,Angela Howard,102
2024-04-02,Instagram,Negative,product,15,Cory Kim,791
2024-05-16,Facebook,Positive,experience,92,Whitney Bowers,257
2024-02-18,Twitter,Neutral,feedback,88,Betty Jackson,828
2024-04-01,Twitter,Positive,#great,34,Kimberly Norton,786
2024-02-16,Facebook,Neutral,product,50,Tyler Hawkins,492
2024-04-22,Facebook,Positive,#okay,66,George Price,415
2024-04-08,Instagram,Negative,#bad,42,Justin Cox,974
2024-03-22,Facebook,Negative,#bad,88,Eric Taylor,709
2024-05-13,Facebook,Negative,experience,82,Meghan Williams,451
2024-04-30,Facebook,Neutral,#bad,82,Angela Phillips,969
2024-04-02,LinkedIn,Neutral,#bad,77,Claire Harris,552
2024-01-01,Twitter,Neutral,#great,99,Debra Carey,317
2024-04-07,Instagram,Negative,#terrible,50,Alexandra Coleman,90
2024-01-01,LinkedIn,Neutral,#bad,6,Christopher Holder,446
2024-01-22,Facebook,Negative,#awesome,46,Nancy Randall,780
2024-03-08,Twitter,Positive,experience,35,John Jones,544
